Table Data,BG Yellow Elements,DIV Content
,,"Sharp Objects£47.82✔ In stockAdd to basketIn a Dark, Dark Wood£19.63✔ In stockAdd to basketThe Past Never Ends£56.50✔ In stockAdd to basketA Murder in Time£16.64Out stockAdd to basket"
Laptop; $1000; Yes,,Sharp Objects£47.82✔ In stockAdd to basket
Smartphone; $800; No,,"In a Dark, Dark Wood£19.63✔ In stockAdd to basket"
Tablet; $500; Yes,,The Past Never Ends£56.50✔ In stockAdd to basket
,,A Murder in Time£16.64Out stockAdd to basket
,,"Wireless Headphones$49.99Available colors: Black, White, BlueAdd to BasketSmart Speaker$89.99Available colors: Grey, BlackAdd to BasketSmart Watch$149.99Available colors: Black, Silver, GoldAdd to Basket"
,,"Wireless Headphones$49.99Available colors: Black, White, BlueAdd to Basket"
,,"Smart Speaker$89.99Available colors: Grey, BlackAdd to Basket"
,,"Smart Watch$149.99Available colors: Black, Silver, GoldAdd to Basket"
,,© 2024 Web Scraping Practice. All Rights Reserved.
